,first,second
0,#哈利波特海格扮演者去世,zh21zhh
1,#哈利波特海格扮演者去世,QuailAries
2,#哈利波特海格扮演者去世,申申菌
3,#哈利波特海格扮演者去世,Suka_lazeri
4,#哈利波特海格扮演者去世,-RyanWong-
5,#哈利波特海格扮演者去世,PS3保罗
6,#哈利波特海格扮演者去世,-lyr1cs-
7,#哈利波特海格扮演者去世,-lyr1cs-
8,#哈利波特海格扮演者去世,一只傻奥得g
9,#哈利波特海格扮演者去世,不靠谱的潇爷是好好先生
10,#哈利波特海格扮演者去世,北极以北地
11,@zh21zhh,@爱读闲书1017
12,@爱读闲书1017,我的-加油
13,@zh21zhh,@爱读闲书1017
14,@爱读闲书1017,我的-加油
15,@zh21zhh,@夹一点心
16,@夹一点心,@自救指东
17,@自救指东,变温其妙植物
18,#哈利波特海格扮演者去世,imhlj346
19,#哈利波特海格扮演者去世,用户7788427301
20,@zh21zhh,哎呦小灶儿
21,#哈利波特海格扮演者去世,拒绝滴滴从我做起
22,@-卖萌担当-,生活是这样子不如诗啊
23,@-卖萌担当-,rouroufaye_aa
24,@zh21zhh,芒果炒鹅_
25,@zh21zhh,秃然而已
26,@莎士比亚·淑妃,源于椿雨
27,@肥牛卷wonderland,崔振坤89
28,@小周坐一下XD,倒数字母表-
29,#哈利波特海格扮演者去世,蕞爱典典
30,@zh21zhh,@杨京墨L
31,@杨京墨L,Annie-Clover
32,#哈利波特海格扮演者去世,釜山猴子在拉磨
33,@紫曦怀里的狐狸,冬天有养米
34,@zh21zhh,皇族担当
35,#哈利波特海格扮演者去世,风起云散1207
36,#哈利波特海格扮演者去世,火星时光
37,#哈利波特海格扮演者去世,可爱汤圆圆
38,#哈利波特海格扮演者去世,Bh黄
39,@yvskk,睡觉怎么你了_
40,@NayekM,NayekM
41,#哈利波特海格扮演者去世,水溶液显中性
42,#哈利波特海格扮演者去世,济明长流
43,@柒柒suki ,Revo是天使吖
44,@译林出版社,麦田-印記
45,@Reginawon,自然易道
46,#哈利波特海格扮演者去世,穿件格兰芬多马甲吧
47,@汤小妞-Saving,自然易道
48,#哈利波特海格扮演者去世,zh21zhh
49,#哈利波特海格扮演者去世,QuailAries
50,#哈利波特海格扮演者去世,申申菌
51,#哈利波特海格扮演者去世,Suka_lazeri
52,#哈利波特海格扮演者去世,-RyanWong-
53,#哈利波特海格扮演者去世,PS3保罗
54,#哈利波特海格扮演者去世,-lyr1cs-
55,#哈利波特海格扮演者去世,-lyr1cs-
56,#哈利波特海格扮演者去世,一只傻奥得g
57,#哈利波特海格扮演者去世,不靠谱的潇爷是好好先生
58,#哈利波特海格扮演者去世,北极以北地
59,@zh21zhh,@爱读闲书1017
60,@爱读闲书1017,我的-加油
61,@zh21zhh,@爱读闲书1017
62,@爱读闲书1017,我的-加油
63,@zh21zhh,@夹一点心
64,@夹一点心,@自救指东
65,@自救指东,变温其妙植物
66,#哈利波特海格扮演者去世,imhlj346
67,#哈利波特海格扮演者去世,用户7788427301
68,@zh21zhh,哎呦小灶儿
69,#哈利波特海格扮演者去世,拒绝滴滴从我做起
70,@-卖萌担当-,生活是这样子不如诗啊
71,@-卖萌担当-,rouroufaye_aa
72,@zh21zhh,芒果炒鹅_
73,@zh21zhh,秃然而已
74,@莎士比亚·淑妃,源于椿雨
75,@肥牛卷wonderland,崔振坤89
76,@小周坐一下XD,倒数字母表-
77,#哈利波特海格扮演者去世,蕞爱典典
78,@zh21zhh,@杨京墨L
79,@杨京墨L,Annie-Clover
80,#哈利波特海格扮演者去世,釜山猴子在拉磨
81,@紫曦怀里的狐狸,冬天有养米
82,@zh21zhh,皇族担当
83,#哈利波特海格扮演者去世,风起云散1207
84,#哈利波特海格扮演者去世,火星时光
85,#哈利波特海格扮演者去世,可爱汤圆圆
86,#哈利波特海格扮演者去世,Bh黄
87,@yvskk,睡觉怎么你了_
88,@NayekM,NayekM
89,#哈利波特海格扮演者去世,水溶液显中性
90,#哈利波特海格扮演者去世,济明长流
91,@柒柒suki ,Revo是天使吖
92,@译林出版社,麦田-印記
93,@Reginawon,自然易道
94,#哈利波特海格扮演者去世,穿件格兰芬多马甲吧
95,@汤小妞-Saving,自然易道
96,#哈利波特海格扮演者去世,zh21zhh
97,#哈利波特海格扮演者去世,QuailAries
98,#哈利波特海格扮演者去世,申申菌
99,#哈利波特海格扮演者去世,Suka_lazeri
100,#哈利波特海格扮演者去世,-RyanWong-
101,#哈利波特海格扮演者去世,PS3保罗
102,#哈利波特海格扮演者去世,-lyr1cs-
103,#哈利波特海格扮演者去世,-lyr1cs-
104,#哈利波特海格扮演者去世,一只傻奥得g
105,#哈利波特海格扮演者去世,不靠谱的潇爷是好好先生
106,#哈利波特海格扮演者去世,北极以北地
107,@zh21zhh,@爱读闲书1017
108,@爱读闲书1017,我的-加油
109,@zh21zhh,@爱读闲书1017
110,@爱读闲书1017,我的-加油
111,@zh21zhh,@夹一点心
112,@夹一点心,@自救指东
113,@自救指东,变温其妙植物
114,#哈利波特海格扮演者去世,imhlj346
115,#哈利波特海格扮演者去世,用户7788427301
116,@zh21zhh,哎呦小灶儿
117,#哈利波特海格扮演者去世,拒绝滴滴从我做起
118,@-卖萌担当-,生活是这样子不如诗啊
119,@-卖萌担当-,rouroufaye_aa
120,@zh21zhh,芒果炒鹅_
121,@zh21zhh,秃然而已
122,@莎士比亚·淑妃,源于椿雨
123,@肥牛卷wonderland,崔振坤89
124,@小周坐一下XD,倒数字母表-
125,#哈利波特海格扮演者去世,蕞爱典典
126,@zh21zhh,@杨京墨L
127,@杨京墨L,Annie-Clover
128,#哈利波特海格扮演者去世,釜山猴子在拉磨
129,@紫曦怀里的狐狸,冬天有养米
130,@zh21zhh,皇族担当
131,#哈利波特海格扮演者去世,风起云散1207
132,#哈利波特海格扮演者去世,火星时光
133,#哈利波特海格扮演者去世,可爱汤圆圆
134,#哈利波特海格扮演者去世,Bh黄
135,@yvskk,睡觉怎么你了_
136,@NayekM,NayekM
137,#哈利波特海格扮演者去世,水溶液显中性
138,#哈利波特海格扮演者去世,济明长流
139,@柒柒suki ,Revo是天使吖
140,@译林出版社,麦田-印記
141,@Reginawon,自然易道
142,#哈利波特海格扮演者去世,穿件格兰芬多马甲吧
143,@汤小妞-Saving,自然易道
